{"error":[],"result":{"DASHUSD":[[1543708800,"93.829","96.136","89.754","91.542","91.888","812.31780697",288],[1543795200,"92.000","92.000","81.130","83.373","85.542","1323.11255105",428],[1543881600,"83.373","87.868","80.997","83.473","83.765","2081.43708699",440],[1543968000,"83.473","84.304","76.069","76.550","79.233","989.00325953",387],[1544054400,"76.550","77.802","57.000","63.500","66.796","7972.00856123",996],[1544140800,"63.500","67.685","58.102","67.448","60.971","13132.06869446",1709],[1544227200,"67.448","69.400","63.260","67.165","66.471","5034.79205389",926],[1544313600,"67.165","75.095","66.730","74.650","71.180","1179.16028397",409],[1544400000,"74.650","75.990","65.200","66.794","68.463","5647.72344533",784],[1544486400,"66.794","67.888","61.531","62.014","64.452","1146.76076268",310],[1544572800,"62.014","66.250","61.903","63.760","64.503","1543.56323773",430],[1544659200,"63.760","63.896","58.768","59.200","61.847","4525.77306554",599],[1544745600,"59.200","60.353","57.212","57.845","58.302","3253.27196202",444],[1544832000,"57.845","64.705","56.214","61.001","58.829","1947.43229682",518],[1544918400,"61.001","64.687","60.187","61.855","61.656","2481.36360117",334],[1545004800,"61.855","72.699","61.855","70.588","67.719","4423.41724606",768],[1545091200,"70.588","73.059","67.096","72.955","69.852","1346.82885353",420],[1545177600,"72.703","80.095","72.322","72.397","75.743","4033.71060231",758],[1545264000,"72.397","100.201","71.700","96.130","84.851","6670.13802888",1663],[1545350400,"96.130","96.389","84.603","85.480","90.676","5690.86562714",1628]],"last":1545264000}}